<?xml version="1.0" encoding="UTF-8"?>
<metadata xml:lang="en"><Esri><CreaDate>20190604</CreaDate><CreaTime>14030500</CreaTime><ArcGISFormat>1.0</ArcGISFormat><ArcGISstyle>North American Profile of ISO19115 2003</ArcGISstyle><SyncOnce>FALSE</SyncOnce><DataProperties><lineage><Process Name="Create Feature Class (4)" ToolSource="c:\program files (x86)\arcgis\desktop10.1\ArcToolbox\Toolboxes\Data Management Tools.tbx\CreateFeatureclass" Date="20140926" Time="115135">CreateFeatureclass \\os.uga.edu\onu-ocha\working\Process_Files\CODServices\CreateTemplateGDB\XXX_AdminBoundaries_working.gdb\Data_Layers Admin3 POLYGON # DISABLED DISABLED # # 0 0 0</Process><Process Name="Add Field (10)" ToolSource="c:\program files (x86)\arcgis\desktop10.1\ArcToolbox\Toolboxes\Data Management Tools.tbx\AddField" Date="20140926" Time="115137">AddField \\os.uga.edu\onu-ocha\working\Process_Files\CODServices\CreateTemplateGDB\XXX_AdminBoundaries_working.gdb\Data_Layers\Admin3 admin0Name_en TEXT # # 50 # NULLABLE NON_REQUIRED #</Process><Process Name="Add Field (10)" ToolSource="c:\program files (x86)\arcgis\desktop10.1\ArcToolbox\Toolboxes\Data Management Tools.tbx\AddField" Date="20140926" Time="115138">AddField \\os.uga.edu\onu-ocha\working\Process_Files\CODServices\CreateTemplateGDB\XXX_AdminBoundaries_working.gdb\Data_Layers\Admin3 admin0Name_fr TEXT # # 50 # NULLABLE NON_REQUIRED #</Process><Process Name="Add Field (10)" ToolSource="c:\program files (x86)\arcgis\desktop10.1\ArcToolbox\Toolboxes\Data Management Tools.tbx\AddField" Date="20140926" Time="115139">AddField \\os.uga.edu\onu-ocha\working\Process_Files\CODServices\CreateTemplateGDB\XXX_AdminBoundaries_working.gdb\Data_Layers\Admin3 admin0Name_ar TEXT # # 50 # NULLABLE NON_REQUIRED #</Process><Process Name="Add Field (10)" ToolSource="c:\program files (x86)\arcgis\desktop10.1\ArcToolbox\Toolboxes\Data Management Tools.tbx\AddField" Date="20140926" Time="115140">AddField \\os.uga.edu\onu-ocha\working\Process_Files\CODServices\CreateTemplateGDB\XXX_AdminBoundaries_working.gdb\Data_Layers\Admin3 admin0Name_es TEXT # # 50 # NULLABLE NON_REQUIRED #</Process><Process Name="Add Field (10)" ToolSource="c:\program files (x86)\arcgis\desktop10.1\ArcToolbox\Toolboxes\Data Management Tools.tbx\AddField" Date="20140926" Time="115141">AddField \\os.uga.edu\onu-ocha\working\Process_Files\CODServices\CreateTemplateGDB\XXX_AdminBoundaries_working.gdb\Data_Layers\Admin3 admin0Pcode TEXT # # 50 # NULLABLE NON_REQUIRED #</Process><Process Name="Add Field (10)" ToolSource="c:\program files (x86)\arcgis\desktop10.1\ArcToolbox\Toolboxes\Data Management Tools.tbx\AddField" Date="20140926" Time="115142">AddField \\os.uga.edu\onu-ocha\working\Process_Files\CODServices\CreateTemplateGDB\XXX_AdminBoundaries_working.gdb\Data_Layers\Admin3 admin1Name_en TEXT # # 50 # NULLABLE NON_REQUIRED #</Process><Process Name="Add Field (10)" ToolSource="c:\program files (x86)\arcgis\desktop10.1\ArcToolbox\Toolboxes\Data Management Tools.tbx\AddField" Date="20140926" Time="115143">AddField \\os.uga.edu\onu-ocha\working\Process_Files\CODServices\CreateTemplateGDB\XXX_AdminBoundaries_working.gdb\Data_Layers\Admin3 admin1Name_fr TEXT # # 50 # NULLABLE NON_REQUIRED #</Process><Process Name="Add Field (10)" ToolSource="c:\program files (x86)\arcgis\desktop10.1\ArcToolbox\Toolboxes\Data Management Tools.tbx\AddField" Date="20140926" Time="115144">AddField \\os.uga.edu\onu-ocha\working\Process_Files\CODServices\CreateTemplateGDB\XXX_AdminBoundaries_working.gdb\Data_Layers\Admin3 admin1Name_ar TEXT # # 50 # NULLABLE NON_REQUIRED #</Process><Process Name="Add Field (10)" ToolSource="c:\program files (x86)\arcgis\desktop10.1\ArcToolbox\Toolboxes\Data Management Tools.tbx\AddField" Date="20140926" Time="115145">AddField \\os.uga.edu\onu-ocha\working\Process_Files\CODServices\CreateTemplateGDB\XXX_AdminBoundaries_working.gdb\Data_Layers\Admin3 admin1Name_es TEXT # # 50 # NULLABLE NON_REQUIRED #</Process><Process Name="Add Field (10)" ToolSource="c:\program files (x86)\arcgis\desktop10.1\ArcToolbox\Toolboxes\Data Management Tools.tbx\AddField" Date="20140926" Time="115146">AddField \\os.uga.edu\onu-ocha\working\Process_Files\CODServices\CreateTemplateGDB\XXX_AdminBoundaries_working.gdb\Data_Layers\Admin3 admin1Pcode TEXT # # 50 # NULLABLE NON_REQUIRED #</Process><Process Name="Add Field (10)" ToolSource="c:\program files (x86)\arcgis\desktop10.1\ArcToolbox\Toolboxes\Data Management Tools.tbx\AddField" Date="20140926" Time="115148">AddField \\os.uga.edu\onu-ocha\working\Process_Files\CODServices\CreateTemplateGDB\XXX_AdminBoundaries_working.gdb\Data_Layers\Admin3 admin2Name_en TEXT # # 50 # NULLABLE NON_REQUIRED #</Process><Process Name="Add Field (10)" ToolSource="c:\program files (x86)\arcgis\desktop10.1\ArcToolbox\Toolboxes\Data Management Tools.tbx\AddField" Date="20140926" Time="115149">AddField \\os.uga.edu\onu-ocha\working\Process_Files\CODServices\CreateTemplateGDB\XXX_AdminBoundaries_working.gdb\Data_Layers\Admin3 admin2Name_fr TEXT # # 50 # NULLABLE NON_REQUIRED #</Process><Process Name="Add Field (10)" ToolSource="c:\program files (x86)\arcgis\desktop10.1\ArcToolbox\Toolboxes\Data Management Tools.tbx\AddField" Date="20140926" Time="115150">AddField \\os.uga.edu\onu-ocha\working\Process_Files\CODServices\CreateTemplateGDB\XXX_AdminBoundaries_working.gdb\Data_Layers\Admin3 admin2Name_ar TEXT # # 50 # NULLABLE NON_REQUIRED #</Process><Process Name="Add Field (10)" ToolSource="c:\program files (x86)\arcgis\desktop10.1\ArcToolbox\Toolboxes\Data Management Tools.tbx\AddField" Date="20140926" Time="115152">AddField \\os.uga.edu\onu-ocha\working\Process_Files\CODServices\CreateTemplateGDB\XXX_AdminBoundaries_working.gdb\Data_Layers\Admin3 admin2Name_es TEXT # # 50 # NULLABLE NON_REQUIRED #</Process><Process Name="Add Field (10)" ToolSource="c:\program files (x86)\arcgis\desktop10.1\ArcToolbox\Toolboxes\Data Management Tools.tbx\AddField" Date="20140926" Time="115152">AddField \\os.uga.edu\onu-ocha\working\Process_Files\CODServices\CreateTemplateGDB\XXX_AdminBoundaries_working.gdb\Data_Layers\Admin3 admin2Pcode TEXT # # 50 # NULLABLE NON_REQUIRED #</Process><Process Name="Add Field (10)" ToolSource="c:\program files (x86)\arcgis\desktop10.1\ArcToolbox\Toolboxes\Data Management Tools.tbx\AddField" Date="20140926" Time="115153">AddField \\os.uga.edu\onu-ocha\working\Process_Files\CODServices\CreateTemplateGDB\XXX_AdminBoundaries_working.gdb\Data_Layers\Admin3 admin3Name_en TEXT # # 50 # NULLABLE NON_REQUIRED #</Process><Process Name="Add Field (10)" ToolSource="c:\program files (x86)\arcgis\desktop10.1\ArcToolbox\Toolboxes\Data Management Tools.tbx\AddField" Date="20140926" Time="115154">AddField \\os.uga.edu\onu-ocha\working\Process_Files\CODServices\CreateTemplateGDB\XXX_AdminBoundaries_working.gdb\Data_Layers\Admin3 admin3Name_fr TEXT # # 50 # NULLABLE NON_REQUIRED #</Process><Process Name="Add Field (10)" ToolSource="c:\program files (x86)\arcgis\desktop10.1\ArcToolbox\Toolboxes\Data Management Tools.tbx\AddField" Date="20140926" Time="115155">AddField \\os.uga.edu\onu-ocha\working\Process_Files\CODServices\CreateTemplateGDB\XXX_AdminBoundaries_working.gdb\Data_Layers\Admin3 admin3Name_ar TEXT # # 50 # NULLABLE NON_REQUIRED #</Process><Process Name="Add Field (10)" ToolSource="c:\program files (x86)\arcgis\desktop10.1\ArcToolbox\Toolboxes\Data Management Tools.tbx\AddField" Date="20140926" Time="115156">AddField \\os.uga.edu\onu-ocha\working\Process_Files\CODServices\CreateTemplateGDB\XXX_AdminBoundaries_working.gdb\Data_Layers\Admin3 admin3Name_es TEXT # # 50 # NULLABLE NON_REQUIRED #</Process><Process Name="Add Field (10)" ToolSource="c:\program files (x86)\arcgis\desktop10.1\ArcToolbox\Toolboxes\Data Management Tools.tbx\AddField" Date="20140926" Time="115157">AddField \\os.uga.edu\onu-ocha\working\Process_Files\CODServices\CreateTemplateGDB\XXX_AdminBoundaries_working.gdb\Data_Layers\Admin3 admin3Pcode TEXT # # 50 # NULLABLE NON_REQUIRED #</Process><Process Name="Add Field (10)" ToolSource="c:\program files (x86)\arcgis\desktop10.1\ArcToolbox\Toolboxes\Data Management Tools.tbx\AddField" Date="20140926" Time="115158">AddField \\os.uga.edu\onu-ocha\working\Process_Files\CODServices\CreateTemplateGDB\XXX_AdminBoundaries_working.gdb\Data_Layers\Admin3 admin3RefName TEXT # # 50 # NULLABLE NON_REQUIRED #</Process><Process Name="Add Field (10)" ToolSource="c:\program files (x86)\arcgis\desktop10.1\ArcToolbox\Toolboxes\Data Management Tools.tbx\AddField" Date="20140926" Time="115200">AddField \\os.uga.edu\onu-ocha\working\Process_Files\CODServices\CreateTemplateGDB\XXX_AdminBoundaries_working.gdb\Data_Layers\Admin3 admin3AltName1_en TEXT # # 50 # NULLABLE NON_REQUIRED #</Process><Process Name="Add Field (10)" ToolSource="c:\program files (x86)\arcgis\desktop10.1\ArcToolbox\Toolboxes\Data Management Tools.tbx\AddField" Date="20140926" Time="115201">AddField \\os.uga.edu\onu-ocha\working\Process_Files\CODServices\CreateTemplateGDB\XXX_AdminBoundaries_working.gdb\Data_Layers\Admin3 admin3AltName2_en TEXT # # 50 # NULLABLE NON_REQUIRED #</Process><Process Name="Add Field (10)" ToolSource="c:\program files (x86)\arcgis\desktop10.1\ArcToolbox\Toolboxes\Data Management Tools.tbx\AddField" Date="20140926" Time="115202">AddField \\os.uga.edu\onu-ocha\working\Process_Files\CODServices\CreateTemplateGDB\XXX_AdminBoundaries_working.gdb\Data_Layers\Admin3 admin3AltName1_fr TEXT # # 50 # NULLABLE NON_REQUIRED #</Process><Process Name="Add Field (10)" ToolSource="c:\program files (x86)\arcgis\desktop10.1\ArcToolbox\Toolboxes\Data Management Tools.tbx\AddField" Date="20140926" Time="115203">AddField \\os.uga.edu\onu-ocha\working\Process_Files\CODServices\CreateTemplateGDB\XXX_AdminBoundaries_working.gdb\Data_Layers\Admin3 admin3AltName2_fr TEXT # # 50 # NULLABLE NON_REQUIRED #</Process><Process Name="Add Field (10)" ToolSource="c:\program files (x86)\arcgis\desktop10.1\ArcToolbox\Toolboxes\Data Management Tools.tbx\AddField" Date="20140926" Time="115205">AddField \\os.uga.edu\onu-ocha\working\Process_Files\CODServices\CreateTemplateGDB\XXX_AdminBoundaries_working.gdb\Data_Layers\Admin3 admin3AltName1_ar TEXT # # 50 # NULLABLE NON_REQUIRED #</Process><Process Name="Add Field (10)" ToolSource="c:\program files (x86)\arcgis\desktop10.1\ArcToolbox\Toolboxes\Data Management Tools.tbx\AddField" Date="20140926" Time="115206">AddField \\os.uga.edu\onu-ocha\working\Process_Files\CODServices\CreateTemplateGDB\XXX_AdminBoundaries_working.gdb\Data_Layers\Admin3 admin3AltName2_ar TEXT # # 50 # NULLABLE NON_REQUIRED #</Process><Process Name="Add Field (10)" ToolSource="c:\program files (x86)\arcgis\desktop10.1\ArcToolbox\Toolboxes\Data Management Tools.tbx\AddField" Date="20140926" Time="115207">AddField \\os.uga.edu\onu-ocha\working\Process_Files\CODServices\CreateTemplateGDB\XXX_AdminBoundaries_working.gdb\Data_Layers\Admin3 admin3AltName1_es TEXT # # 50 # NULLABLE NON_REQUIRED #</Process><Process Name="Add Field (10)" ToolSource="c:\program files (x86)\arcgis\desktop10.1\ArcToolbox\Toolboxes\Data Management Tools.tbx\AddField" Date="20140926" Time="115208">AddField \\os.uga.edu\onu-ocha\working\Process_Files\CODServices\CreateTemplateGDB\XXX_AdminBoundaries_working.gdb\Data_Layers\Admin3 admin3AltName2_es TEXT # # 50 # NULLABLE NON_REQUIRED #</Process><Process Name="Add Field (12)" ToolSource="c:\program files (x86)\arcgis\desktop10.1\ArcToolbox\Toolboxes\Data Management Tools.tbx\AddField" Date="20140926" Time="115209">AddField \\os.uga.edu\onu-ocha\working\Process_Files\CODServices\CreateTemplateGDB\XXX_AdminBoundaries_working.gdb\Data_Layers\Admin3 date DATE # # # # NULLABLE NON_REQUIRED #</Process><Process Name="Add Field (12)" ToolSource="c:\program files (x86)\arcgis\desktop10.1\ArcToolbox\Toolboxes\Data Management Tools.tbx\AddField" Date="20140926" Time="115210">AddField \\os.uga.edu\onu-ocha\working\Process_Files\CODServices\CreateTemplateGDB\XXX_AdminBoundaries_working.gdb\Data_Layers\Admin3 validOn DATE # # # # NULLABLE NON_REQUIRED #</Process><Process Name="Add Field (12)" ToolSource="c:\program files (x86)\arcgis\desktop10.1\ArcToolbox\Toolboxes\Data Management Tools.tbx\AddField" Date="20140926" Time="115211">AddField \\os.uga.edu\onu-ocha\working\Process_Files\CODServices\CreateTemplateGDB\XXX_AdminBoundaries_working.gdb\Data_Layers\Admin3 validTo DATE # # # # NULLABLE NON_REQUIRED #</Process><Process ToolSource="c:\program files (x86)\arcgis\desktop10.1\ArcToolbox\Toolboxes\Data Management Tools.tbx\Merge" Date="20150427" Time="122404">Merge K:\working\Process_Files\CODServices\Stephens_Nepal_COD_workspace\Data_Cleanup\NPL_AdminBoundaries_working.gdb\Data_Layers\Admin3;K:\working\Process_Files\CODServices\Stephens_Nepal_COD_workspace\Data_Orig\npl_polbnda_adm3_dis_25k_50k_sdn_wgs84.shp K:\working\Process_Files\CODServices\Stephens_Nepal_COD_workspace\Data_Cleanup\NPL_AdminBoundaries_working.gdb\Data_Layers\Admin3_Merge "Shape_Length "Shape_Length" false true true 8 Double 0 0 ,First,#,K:\working\Process_Files\CODServices\Stephens_Nepal_COD_workspace\Data_Cleanup\NPL_AdminBoundaries_working.gdb\Data_Layers\Admin3,Shape_Length,-1,-1;Shape_Area "Shape_Area" false true true 8 Double 0 0 ,First,#,K:\working\Process_Files\CODServices\Stephens_Nepal_COD_workspace\Data_Cleanup\NPL_AdminBoundaries_working.gdb\Data_Layers\Admin3,Shape_Area,-1,-1;admin0Name_en "admin0Name_en" true true false 50 Text 0 0 ,First,#,K:\working\Process_Files\CODServices\Stephens_Nepal_COD_workspace\Data_Cleanup\NPL_AdminBoundaries_working.gdb\Data_Layers\Admin3,admin0Name_en,-1,-1;admin0Name_fr "admin0Name_fr" true true false 50 Text 0 0 ,First,#,K:\working\Process_Files\CODServices\Stephens_Nepal_COD_workspace\Data_Cleanup\NPL_AdminBoundaries_working.gdb\Data_Layers\Admin3,admin0Name_fr,-1,-1;admin0Name_ar "admin0Name_ar" true true false 50 Text 0 0 ,First,#,K:\working\Process_Files\CODServices\Stephens_Nepal_COD_workspace\Data_Cleanup\NPL_AdminBoundaries_working.gdb\Data_Layers\Admin3,admin0Name_ar,-1,-1;admin0Name_es "admin0Name_es" true true false 50 Text 0 0 ,First,#,K:\working\Process_Files\CODServices\Stephens_Nepal_COD_workspace\Data_Cleanup\NPL_AdminBoundaries_working.gdb\Data_Layers\Admin3,admin0Name_es,-1,-1;admin0Pcode "admin0Pcode" true true false 50 Text 0 0 ,First,#,K:\working\Process_Files\CODServices\Stephens_Nepal_COD_workspace\Data_Cleanup\NPL_AdminBoundaries_working.gdb\Data_Layers\Admin3,admin0Pcode,-1,-1;admin1Name_en "admin1Name_en" true true false 50 Text 0 0 ,First,#,K:\working\Process_Files\CODServices\Stephens_Nepal_COD_workspace\Data_Cleanup\NPL_AdminBoundaries_working.gdb\Data_Layers\Admin3,admin1Name_en,-1,-1;admin1Name_fr "admin1Name_fr" true true false 50 Text 0 0 ,First,#,K:\working\Process_Files\CODServices\Stephens_Nepal_COD_workspace\Data_Cleanup\NPL_AdminBoundaries_working.gdb\Data_Layers\Admin3,admin1Name_fr,-1,-1;admin1Name_ar "admin1Name_ar" true true false 50 Text 0 0 ,First,#,K:\working\Process_Files\CODServices\Stephens_Nepal_COD_workspace\Data_Cleanup\NPL_AdminBoundaries_working.gdb\Data_Layers\Admin3,admin1Name_ar,-1,-1;admin1Name_es "admin1Name_es" true true false 50 Text 0 0 ,First,#,K:\working\Process_Files\CODServices\Stephens_Nepal_COD_workspace\Data_Cleanup\NPL_AdminBoundaries_working.gdb\Data_Layers\Admin3,admin1Name_es,-1,-1;admin1Pcode "admin1Pcode" true true false 50 Text 0 0 ,First,#,K:\working\Process_Files\CODServices\Stephens_Nepal_COD_workspace\Data_Cleanup\NPL_AdminBoundaries_working.gdb\Data_Layers\Admin3,admin1Pcode,-1,-1;admin2Name_en "admin2Name_en" true true false 50 Text 0 0 ,First,#,K:\working\Process_Files\CODServices\Stephens_Nepal_COD_workspace\Data_Cleanup\NPL_AdminBoundaries_working.gdb\Data_Layers\Admin3,admin2Name_en,-1,-1;admin2Name_fr "admin2Name_fr" true true false 50 Text 0 0 ,First,#,K:\working\Process_Files\CODServices\Stephens_Nepal_COD_workspace\Data_Cleanup\NPL_AdminBoundaries_working.gdb\Data_Layers\Admin3,admin2Name_fr,-1,-1;admin2Name_ar "admin2Name_ar" true true false 50 Text 0 0 ,First,#,K:\working\Process_Files\CODServices\Stephens_Nepal_COD_workspace\Data_Cleanup\NPL_AdminBoundaries_working.gdb\Data_Layers\Admin3,admin2Name_ar,-1,-1;admin2Name_es "admin2Name_es" true true false 50 Text 0 0 ,First,#,K:\working\Process_Files\CODServices\Stephens_Nepal_COD_workspace\Data_Cleanup\NPL_AdminBoundaries_working.gdb\Data_Layers\Admin3,admin2Name_es,-1,-1;admin2Pcode "admin2Pcode" true true false 50 Text 0 0 ,First,#,K:\working\Process_Files\CODServices\Stephens_Nepal_COD_workspace\Data_Cleanup\NPL_AdminBoundaries_working.gdb\Data_Layers\Admin3,admin2Pcode,-1,-1;admin3Name_en "admin3Name_en" true true false 50 Text 0 0 ,First,#,K:\working\Process_Files\CODServices\Stephens_Nepal_COD_workspace\Data_Cleanup\NPL_AdminBoundaries_working.gdb\Data_Layers\Admin3,admin3Name_en,-1,-1;admin3Name_fr "admin3Name_fr" true true false 50 Text 0 0 ,First,#,K:\working\Process_Files\CODServices\Stephens_Nepal_COD_workspace\Data_Cleanup\NPL_AdminBoundaries_working.gdb\Data_Layers\Admin3,admin3Name_fr,-1,-1;admin3Name_ar "admin3Name_ar" true true false 50 Text 0 0 ,First,#,K:\working\Process_Files\CODServices\Stephens_Nepal_COD_workspace\Data_Cleanup\NPL_AdminBoundaries_working.gdb\Data_Layers\Admin3,admin3Name_ar,-1,-1;admin3Name_es "admin3Name_es" true true false 50 Text 0 0 ,First,#,K:\working\Process_Files\CODServices\Stephens_Nepal_COD_workspace\Data_Cleanup\NPL_AdminBoundaries_working.gdb\Data_Layers\Admin3,admin3Name_es,-1,-1;admin3Pcode "admin3Pcode" true true false 50 Text 0 0 ,First,#,K:\working\Process_Files\CODServices\Stephens_Nepal_COD_workspace\Data_Cleanup\NPL_AdminBoundaries_working.gdb\Data_Layers\Admin3,admin3Pcode,-1,-1;admin3RefName "admin3RefName" true true false 50 Text 0 0 ,First,#,K:\working\Process_Files\CODServices\Stephens_Nepal_COD_workspace\Data_Cleanup\NPL_AdminBoundaries_working.gdb\Data_Layers\Admin3,admin3RefName,-1,-1;admin3AltName1_en "admin3AltName1_en" true true false 50 Text 0 0 ,First,#,K:\working\Process_Files\CODServices\Stephens_Nepal_COD_workspace\Data_Cleanup\NPL_AdminBoundaries_working.gdb\Data_Layers\Admin3,admin3AltName1_en,-1,-1;admin3AltName2_en "admin3AltName2_en" true true false 50 Text 0 0 ,First,#,K:\working\Process_Files\CODServices\Stephens_Nepal_COD_workspace\Data_Cleanup\NPL_AdminBoundaries_working.gdb\Data_Layers\Admin3,admin3AltName2_en,-1,-1;admin3AltName1_fr "admin3AltName1_fr" true true false 50 Text 0 0 ,First,#,K:\working\Process_Files\CODServices\Stephens_Nepal_COD_workspace\Data_Cleanup\NPL_AdminBoundaries_working.gdb\Data_Layers\Admin3,admin3AltName1_fr,-1,-1;admin3AltName2_fr "admin3AltName2_fr" true true false 50 Text 0 0 ,First,#,K:\working\Process_Files\CODServices\Stephens_Nepal_COD_workspace\Data_Cleanup\NPL_AdminBoundaries_working.gdb\Data_Layers\Admin3,admin3AltName2_fr,-1,-1;admin3AltName1_ar "admin3AltName1_ar" true true false 50 Text 0 0 ,First,#,K:\working\Process_Files\CODServices\Stephens_Nepal_COD_workspace\Data_Cleanup\NPL_AdminBoundaries_working.gdb\Data_Layers\Admin3,admin3AltName1_ar,-1,-1;admin3AltName2_ar "admin3AltName2_ar" true true false 50 Text 0 0 ,First,#,K:\working\Process_Files\CODServices\Stephens_Nepal_COD_workspace\Data_Cleanup\NPL_AdminBoundaries_working.gdb\Data_Layers\Admin3,admin3AltName2_ar,-1,-1;admin3AltName1_es "admin3AltName1_es" true true false 50 Text 0 0 ,First,#,K:\working\Process_Files\CODServices\Stephens_Nepal_COD_workspace\Data_Cleanup\NPL_AdminBoundaries_working.gdb\Data_Layers\Admin3,admin3AltName1_es,-1,-1;admin3AltName2_es "admin3AltName2_es" true true false 50 Text 0 0 ,First,#,K:\working\Process_Files\CODServices\Stephens_Nepal_COD_workspace\Data_Cleanup\NPL_AdminBoundaries_working.gdb\Data_Layers\Admin3,admin3AltName2_es,-1,-1;date "date" true true false 8 Date 0 0 ,First,#,K:\working\Process_Files\CODServices\Stephens_Nepal_COD_workspace\Data_Cleanup\NPL_AdminBoundaries_working.gdb\Data_Layers\Admin3,date,-1,-1;validOn "validOn" true true false 8 Date 0 0 ,First,#,K:\working\Process_Files\CODServices\Stephens_Nepal_COD_workspace\Data_Cleanup\NPL_AdminBoundaries_working.gdb\Data_Layers\Admin3,validOn,-1,-1;validTo "validTo" true true false 8 Date 0 0 ,First,#,K:\working\Process_Files\CODServices\Stephens_Nepal_COD_workspace\Data_Cleanup\NPL_AdminBoundaries_working.gdb\Data_Layers\Admin3,validTo,-1,-1;DISTRICT "DISTRICT" true true false 23 Text 0 0 ,First,#,K:\working\Process_Files\CODServices\Stephens_Nepal_COD_workspace\Data_Orig\npl_polbnda_adm3_dis_25k_50k_sdn_wgs84.shp,DISTRICT,-1,-1;ZONE "ZONE" true true false 15 Text 0 0 ,First,#,K:\working\Process_Files\CODServices\Stephens_Nepal_COD_workspace\Data_Orig\npl_polbnda_adm3_dis_25k_50k_sdn_wgs84.shp,ZONE,-1,-1;AREA "AREA" true true false 19 Double 4 18 ,First,#,K:\working\Process_Files\CODServices\Stephens_Nepal_COD_workspace\Data_Orig\npl_polbnda_adm3_dis_25k_50k_sdn_wgs84.shp,AREA,-1,-1;DIST_ID "DIST_ID" true true false 9 Text 0 0 ,First,#,K:\working\Process_Files\CODServices\Stephens_Nepal_COD_workspace\Data_Orig\npl_polbnda_adm3_dis_25k_50k_sdn_wgs84.shp,DIST_ID,-1,-1;REG_CODE "REG_CODE" true true false 14 Text 0 0 ,First,#,K:\working\Process_Files\CODServices\Stephens_Nepal_COD_workspace\Data_Orig\npl_polbnda_adm3_dis_25k_50k_sdn_wgs84.shp,REG_CODE,-1,-1;ZONE_CODE "ZONE_CODE" true true false 14 Text 0 0 ,First,#,K:\working\Process_Files\CODServices\Stephens_Nepal_COD_workspace\Data_Orig\npl_polbnda_adm3_dis_25k_50k_sdn_wgs84.shp,ZONE_CODE,-1,-1;OCHA_PCODE "OCHA_PCODE" true true false 10 Text 0 0 ,First,#,K:\working\Process_Files\CODServices\Stephens_Nepal_COD_workspace\Data_Orig\npl_polbnda_adm3_dis_25k_50k_sdn_wgs84.shp,OCHA_PCODE,-1,-1;HLCIT_CODE "HLCIT_CODE" true true false 16 Text 0 0 ,First,#,K:\working\Process_Files\CODServices\Stephens_Nepal_COD_workspace\Data_Orig\npl_polbnda_adm3_dis_25k_50k_sdn_wgs84.shp,HLCIT_CODE,-1,-1;Centroid_X "Centroid_X" true true false 9 Double 6 8 ,First,#,K:\working\Process_Files\CODServices\Stephens_Nepal_COD_workspace\Data_Orig\npl_polbnda_adm3_dis_25k_50k_sdn_wgs84.shp,Centroid_X,-1,-1;Y_Max "Y_Max" true true false 9 Double 6 8 ,First,#,K:\working\Process_Files\CODServices\Stephens_Nepal_COD_workspace\Data_Orig\npl_polbnda_adm3_dis_25k_50k_sdn_wgs84.shp,Y_Max,-1,-1;Y_Min "Y_Min" true true false 9 Double 6 8 ,First,#,K:\working\Process_Files\CODServices\Stephens_Nepal_COD_workspace\Data_Orig\npl_polbnda_adm3_dis_25k_50k_sdn_wgs84.shp,Y_Min,-1,-1;X_Max "X_Max" true true false 9 Double 6 8 ,First,#,K:\working\Process_Files\CODServices\Stephens_Nepal_COD_workspace\Data_Orig\npl_polbnda_adm3_dis_25k_50k_sdn_wgs84.shp,X_Max,-1,-1;X_Min "X_Min" true true false 9 Double 6 8 ,First,#,K:\working\Process_Files\CODServices\Stephens_Nepal_COD_workspace\Data_Orig\npl_polbnda_adm3_dis_25k_50k_sdn_wgs84.shp,X_Min,-1,-1;Centroid_Y "Centroid_Y" true true false 9 Double 6 8 ,First,#,K:\working\Process_Files\CODServices\Stephens_Nepal_COD_workspace\Data_Orig\npl_polbnda_adm3_dis_25k_50k_sdn_wgs84.shp,Centroid_Y,-1,-1"</Process><Process ToolSource="c:\program files (x86)\arcgis\desktop10.1\ArcToolbox\Toolboxes\Data Management Tools.tbx\CalculateField" Date="20150427" Time="131828">CalculateField Admin3_Merge admin0Name_en "Nepal" VB #</Process><Process ToolSource="c:\program files (x86)\arcgis\desktop10.1\ArcToolbox\Toolboxes\Data Management Tools.tbx\CalculateField" Date="20150427" Time="131838">CalculateField Admin3_Merge admin0Pcode "NP" VB #</Process><Process ToolSource="c:\program files (x86)\arcgis\desktop10.1\ArcToolbox\Toolboxes\Data Management Tools.tbx\CalculateField" Date="20150427" Time="131903">CalculateField Admin3_Merge admin2Name_en [ZONE] VB #</Process><Process ToolSource="c:\program files (x86)\arcgis\desktop10.1\ArcToolbox\Toolboxes\Data Management Tools.tbx\CalculateField" Date="20150427" Time="131934">CalculateField Admin3_Merge admin3Name_en [DISTRICT] VB #</Process><Process ToolSource="c:\program files (x86)\arcgis\desktop10.1\ArcToolbox\Toolboxes\Data Management Tools.tbx\CalculateField" Date="20150427" Time="131955">CalculateField Admin3_Merge admin3Pcode [OCHA_PCODE] VB #</Process><Process ToolSource="c:\program files (x86)\arcgis\desktop10.1\ArcToolbox\Toolboxes\Data Management Tools.tbx\CalculateField" Date="20150427" Time="140521">CalculateField Admin3 date "1/1/1" VB #</Process><Process ToolSource="c:\program files (x86)\arcgis\desktop10.1\ArcToolbox\Toolboxes\Data Management Tools.tbx\CalculateField" Date="20150427" Time="141322">CalculateField Admin3 admin2Pcode Left( [admin3Pcode],5 ) VB #</Process><Process ToolSource="c:\program files (x86)\arcgis\desktop10.1\ArcToolbox\Toolboxes\Data Management Tools.tbx\CalculateField" Date="20150427" Time="141406">CalculateField Admin3 admin1Pcode Left( [admin2Pcode],1 ) VB #</Process><Process ToolSource="c:\program files (x86)\arcgis\desktop10.1\ArcToolbox\Toolboxes\Data Management Tools.tbx\CalculateField" Date="20150427" Time="141528">CalculateField Admin3 admin1Name_en "Central Development Region" VB #</Process><Process ToolSource="c:\program files (x86)\arcgis\desktop10.1\ArcToolbox\Toolboxes\Data Management Tools.tbx\CalculateField" Date="20150427" Time="141555">CalculateField Admin3 admin1Name_en "Eastern Development Region" VB #</Process><Process ToolSource="c:\program files (x86)\arcgis\desktop10.1\ArcToolbox\Toolboxes\Data Management Tools.tbx\CalculateField" Date="20150427" Time="141623">CalculateField Admin3 admin1Name_en "Far-Western Development Region" VB #</Process><Process ToolSource="c:\program files (x86)\arcgis\desktop10.1\ArcToolbox\Toolboxes\Data Management Tools.tbx\CalculateField" Date="20150427" Time="141652">CalculateField Admin3 admin1Name_en "Mid-Western Development Region" VB #</Process><Process ToolSource="c:\program files (x86)\arcgis\desktop10.1\ArcToolbox\Toolboxes\Data Management Tools.tbx\CalculateField" Date="20150427" Time="141719">CalculateField Admin3 admin1Name_en "Western Development Region" VB #</Process><Process ToolSource="c:\program files (x86)\arcgis\desktop10.1\ArcToolbox\Toolboxes\Data Management Tools.tbx\CalculateField" Date="20150428" Time="110352">CalculateField Admin3 admin3Pcode [HLCIT_CODE] VB #</Process><Process ToolSource="c:\program files (x86)\arcgis\desktop10.1\ArcToolbox\Toolboxes\Data Management Tools.tbx\CalculateField" Date="20150428" Time="110428">CalculateField Admin3 admin2Pcode [ZONE_CODE] VB #</Process><Process ToolSource="c:\program files (x86)\arcgis\desktop10.1\ArcToolbox\Toolboxes\Data Management Tools.tbx\CalculateField" Date="20150428" Time="110441">CalculateField Admin3 admin1Pcode [REG_CODE] VB #</Process><Process ToolSource="c:\program files (x86)\arcgis\desktop10.1\ArcToolbox\Toolboxes\Data Management Tools.tbx\CopyFeatures" Date="20150428" Time="121507">CopyFeatures K:\working\Process_Files\CODServices\Stephens_Nepal_COD_workspace\Data_Cleanup\NPL_AdminBoundaries_working.gdb\Data_Layers\Admin3 "Database Connections\gist@sde101_gist_hxl.sde\sde101_gist_hxl.GIST.Admin3" # 0 0 0</Process><Process ToolSource="c:\program files (x86)\arcgis\desktop10.1\ArcToolbox\Toolboxes\Data Management Tools.tbx\CopyFeatures" Date="20150429" Time="133346">CopyFeatures \\os.uga.edu\gistmaps\Supporting\readgist@sde101_GIST_HXL.sde\sde101_gist_hxl.GIST.COD_NPL_Admin3 \\dfs2\gistdata\ocha_cods\ROAP\Nepal\NEP_Admin_101.gdb\COD_NPL_Admin3 # 0 0 0</Process><Process ToolSource="c:\program files (x86)\arcgis\desktop10.1\ArcToolbox\Toolboxes\Conversion Tools.tbx\FeatureClassToFeatureClass" Date="20150429" Time="160214">FeatureClassToFeatureClass \\dfs2\gistdata\ocha_cods\ROAP\Nepal\NEP_Admin_101.gdb\npl_admbnda_adm3_25k_50k_sdn \\dfs2\gistdata\ocha_cods\ROAP\Nepal npl_admbnda_adm3_25k_50k_sdn.shp # "admin0Name "admin0Name_en" true true false 50 Text 0 0 ,First,#,\\dfs2\gistdata\ocha_cods\ROAP\Nepal\NEP_Admin_101.gdb\npl_admbnda_adm3_25k_50k_sdn,admin0Name_en,-1,-1;admin0Pcod "admin0Pcode" true true false 50 Text 0 0 ,First,#,\\dfs2\gistdata\ocha_cods\ROAP\Nepal\NEP_Admin_101.gdb\npl_admbnda_adm3_25k_50k_sdn,admin0Pcode,-1,-1;admin1Name "admin1Name_en" true true false 50 Text 0 0 ,First,#,\\dfs2\gistdata\ocha_cods\ROAP\Nepal\NEP_Admin_101.gdb\npl_admbnda_adm3_25k_50k_sdn,admin1Name_en,-1,-1;admin1Pcod "admin1Pcode" true true false 50 Text 0 0 ,First,#,\\dfs2\gistdata\ocha_cods\ROAP\Nepal\NEP_Admin_101.gdb\npl_admbnda_adm3_25k_50k_sdn,admin1Pcode,-1,-1;admin2Name "admin2Name_en" true true false 50 Text 0 0 ,First,#,\\dfs2\gistdata\ocha_cods\ROAP\Nepal\NEP_Admin_101.gdb\npl_admbnda_adm3_25k_50k_sdn,admin2Name_en,-1,-1;admin2Pcod "admin2Pcode" true true false 50 Text 0 0 ,First,#,\\dfs2\gistdata\ocha_cods\ROAP\Nepal\NEP_Admin_101.gdb\npl_admbnda_adm3_25k_50k_sdn,admin2Pcode,-1,-1;admin3Name "admin3Name_en" true true false 50 Text 0 0 ,First,#,\\dfs2\gistdata\ocha_cods\ROAP\Nepal\NEP_Admin_101.gdb\npl_admbnda_adm3_25k_50k_sdn,admin3Name_en,-1,-1;admin3Pcod "admin3Pcode" true true false 50 Text 0 0 ,First,#,\\dfs2\gistdata\ocha_cods\ROAP\Nepal\NEP_Admin_101.gdb\npl_admbnda_adm3_25k_50k_sdn,admin3Pcode,-1,-1;admin3RefN "admin3RefName" true true false 50 Text 0 0 ,First,#,\\dfs2\gistdata\ocha_cods\ROAP\Nepal\NEP_Admin_101.gdb\npl_admbnda_adm3_25k_50k_sdn,admin3RefName,-1,-1;admin3AltN "admin3AltName1_en" true true false 50 Text 0 0 ,First,#,\\dfs2\gistdata\ocha_cods\ROAP\Nepal\NEP_Admin_101.gdb\npl_admbnda_adm3_25k_50k_sdn,admin3AltName1_en,-1,-1;admin3Al_1 "admin3AltName2_en" true true false 50 Text 0 0 ,First,#,\\dfs2\gistdata\ocha_cods\ROAP\Nepal\NEP_Admin_101.gdb\npl_admbnda_adm3_25k_50k_sdn,admin3AltName2_en,-1,-1;date "date" true true false 8 Date 0 0 ,First,#,\\dfs2\gistdata\ocha_cods\ROAP\Nepal\NEP_Admin_101.gdb\npl_admbnda_adm3_25k_50k_sdn,date,-1,-1;validOn "validOn" true true false 8 Date 0 0 ,First,#,\\dfs2\gistdata\ocha_cods\ROAP\Nepal\NEP_Admin_101.gdb\npl_admbnda_adm3_25k_50k_sdn,validOn,-1,-1;validTo "validTo" true true false 8 Date 0 0 ,First,#,\\dfs2\gistdata\ocha_cods\ROAP\Nepal\NEP_Admin_101.gdb\npl_admbnda_adm3_25k_50k_sdn,validTo,-1,-1;Shape_STAr "Shape.STArea()" true false false 8 Double 0 0 ,First,#,\\dfs2\gistdata\ocha_cods\ROAP\Nepal\NEP_Admin_101.gdb\npl_admbnda_adm3_25k_50k_sdn,Shape_STArea__,-1,-1;Shape_STLe "Shape.STLength()" true false false 8 Double 0 0 ,First,#,\\dfs2\gistdata\ocha_cods\ROAP\Nepal\NEP_Admin_101.gdb\npl_admbnda_adm3_25k_50k_sdn,Shape_STLength__,-1,-1;Shape_Leng "Shape_Length" false true true 8 Double 0 0 ,First,#,\\dfs2\gistdata\ocha_cods\ROAP\Nepal\NEP_Admin_101.gdb\npl_admbnda_adm3_25k_50k_sdn,Shape_Length,-1,-1;Shape_Area "Shape_Area" false true true 8 Double 0 0 ,First,#,\\dfs2\gistdata\ocha_cods\ROAP\Nepal\NEP_Admin_101.gdb\npl_admbnda_adm3_25k_50k_sdn,Shape_Area,-1,-1" #</Process><Process ToolSource="c:\program files (x86)\arcgis\desktop10.6\ArcToolbox\Toolboxes\Data Management Tools.tbx\CalculateField" Date="20190619" Time="012455">CalculateField AOI_11_districts label [FID]+1 VB #</Process></lineage><itemProps><itemName Sync="TRUE">npl_admbnda_adm3_25k_50k_sdn</itemName><imsContentType Sync="TRUE">002</imsContentType><itemLocation><linkage Sync="TRUE">file://\\dfs2\gistdata\ocha_cods\ROAP\Nepal\npl_admbnda_adm3_25k_50k_sdn.shp</linkage><protocol Sync="TRUE">Local Area Network</protocol></itemLocation><itemSize Sync="TRUE">0.000</itemSize></itemProps><coordRef><type Sync="TRUE">Geographic</type><geogcsn Sync="TRUE">GCS_WGS_1984</geogcsn><csUnits Sync="TRUE">Angular Unit: Degree (0.017453)</csUnits><peXml Sync="TRUE">&lt;GeographicCoordinateSystem xsi:type='typens:GeographicCoordinateSystem' xmlns:xsi='http://www.w3.org/2001/XMLSchema-instance' xmlns:xs='http://www.w3.org/2001/XMLSchema' xmlns:typens='http://www.esri.com/schemas/ArcGIS/10.1'&gt;&lt;WKT&gt;GEOGCS[&amp;quot;GCS_WGS_1984&amp;quot;,DATUM[&amp;quot;D_WGS_1984&amp;quot;,SPHEROID[&amp;quot;WGS_1984&amp;quot;,6378137.0,298.257223563]],PRIMEM[&amp;quot;Greenwich&amp;quot;,0.0],UNIT[&amp;quot;Degree&amp;quot;,0.0174532925199433],AUTHORITY[&amp;quot;EPSG&amp;quot;,4326]]&lt;/WKT&gt;&lt;XOrigin&gt;-400&lt;/XOrigin&gt;&lt;YOrigin&gt;-400&lt;/YOrigin&gt;&lt;XYScale&gt;11258999068426.238&lt;/XYScale&gt;&lt;ZOrigin&gt;-100000&lt;/ZOrigin&gt;&lt;ZScale&gt;10000&lt;/ZScale&gt;&lt;MOrigin&gt;-100000&lt;/MOrigin&gt;&lt;MScale&gt;10000&lt;/MScale&gt;&lt;XYTolerance&gt;8.983152841195215e-009&lt;/XYTolerance&gt;&lt;ZTolerance&gt;0.001&lt;/ZTolerance&gt;&lt;MTolerance&gt;0.001&lt;/MTolerance&gt;&lt;HighPrecision&gt;true&lt;/HighPrecision&gt;&lt;LeftLongitude&gt;-180&lt;/LeftLongitude&gt;&lt;WKID&gt;4326&lt;/WKID&gt;&lt;LatestWKID&gt;4326&lt;/LatestWKID&gt;&lt;/GeographicCoordinateSystem&gt;</peXml></coordRef></DataProperties><SyncDate>20150429</SyncDate><SyncTime>16021200</SyncTime><ModDate>20150429</ModDate><ModTime>16021200</ModTime></Esri><dataIdInfo><envirDesc Sync="TRUE"> Version 6.2 (Build 9200) ; Esri ArcGIS 10.1.1.3143</envirDesc><dataLang><languageCode value="eng" Sync="TRUE"/><countryCode value="USA" Sync="TRUE"/></dataLang><idCitation><resTitle Sync="TRUE">npl_admbnda_adm3_25k_50k_sdn</resTitle><presForm><PresFormCd value="005" Sync="TRUE"/></presForm></idCitation><spatRpType><SpatRepTypCd value="001" Sync="TRUE"/></spatRpType></dataIdInfo><mdLang><languageCode value="eng" Sync="TRUE"/><countryCode value="USA" Sync="TRUE"/></mdLang><distInfo><distFormat><formatName Sync="TRUE">Shapefile</formatName></distFormat><distTranOps><transSize Sync="TRUE">0.000</transSize></distTranOps></distInfo><mdHrLv><ScopeCd value="005" Sync="TRUE"/></mdHrLv><mdHrLvName Sync="TRUE">dataset</mdHrLvName><refSysInfo><RefSystem><refSysID><identCode code="4326" Sync="TRUE"/><idCodeSpace Sync="TRUE">EPSG</idCodeSpace><idVersion Sync="TRUE">7.11.2</idVersion></refSysID></RefSystem></refSysInfo><spatRepInfo><VectSpatRep><geometObjs Name="npl_admbnda_adm3_25k_50k_sdn"><geoObjTyp><GeoObjTypCd value="002" Sync="TRUE"></GeoObjTypCd></geoObjTyp><geoObjCnt Sync="TRUE">0</geoObjCnt></geometObjs><topLvl><TopoLevCd value="001" Sync="TRUE"></TopoLevCd></topLvl></VectSpatRep></spatRepInfo><spdoinfo><ptvctinf><esriterm Name="npl_admbnda_adm3_25k_50k_sdn"><efeatyp Sync="TRUE">Simple</efeatyp><efeageom code="4" Sync="TRUE"></efeageom><esritopo Sync="TRUE">FALSE</esritopo><efeacnt Sync="TRUE">0</efeacnt><spindex Sync="TRUE">FALSE</spindex><linrefer Sync="TRUE">FALSE</linrefer></esriterm></ptvctinf></spdoinfo><eainfo><detailed Name="npl_admbnda_adm3_25k_50k_sdn"><enttyp><enttypl Sync="TRUE">npl_admbnda_adm3_25k_50k_sdn</enttypl><enttypt Sync="TRUE">Feature Class</enttypt><enttypc Sync="TRUE">0</enttypc></enttyp><attr><attrlabl Sync="TRUE">FID</attrlabl><attalias Sync="TRUE">FID</attalias><attrtype Sync="TRUE">OID</attrtype><attwidth Sync="TRUE">4</attwidth><atprecis Sync="TRUE">0</atprecis><attscale Sync="TRUE">0</attscale><attrdef Sync="TRUE">Internal feature number.</attrdef><attrdefs Sync="TRUE">Esri</attrdefs><attrdomv><udom Sync="TRUE">Sequential unique whole numbers that are automatically generated.</udom></attrdomv></attr><attr><attrlabl Sync="TRUE">Shape</attrlabl><attalias Sync="TRUE">Shape</attalias><attrtype Sync="TRUE">Geometry</attrtype><attwidth Sync="TRUE">0</attwidth><atprecis Sync="TRUE">0</atprecis><attscale Sync="TRUE">0</attscale><attrdef Sync="TRUE">Feature geometry.</attrdef><attrdefs Sync="TRUE">Esri</attrdefs><attrdomv><udom Sync="TRUE">Coordinates defining the features.</udom></attrdomv></attr><attr><attrlabl Sync="TRUE">admin0Name</attrlabl><attalias Sync="TRUE">admin0Name</attalias><attrtype Sync="TRUE">String</attrtype><attwidth Sync="TRUE">50</attwidth><atprecis Sync="TRUE">0</atprecis><attscale Sync="TRUE">0</attscale></attr><attr><attrlabl Sync="TRUE">admin0Pcod</attrlabl><attalias Sync="TRUE">admin0Pcod</attalias><attrtype Sync="TRUE">String</attrtype><attwidth Sync="TRUE">50</attwidth><atprecis Sync="TRUE">0</atprecis><attscale Sync="TRUE">0</attscale></attr><attr><attrlabl Sync="TRUE">admin1Name</attrlabl><attalias Sync="TRUE">admin1Name</attalias><attrtype Sync="TRUE">String</attrtype><attwidth Sync="TRUE">50</attwidth><atprecis Sync="TRUE">0</atprecis><attscale Sync="TRUE">0</attscale></attr><attr><attrlabl Sync="TRUE">admin1Pcod</attrlabl><attalias Sync="TRUE">admin1Pcod</attalias><attrtype Sync="TRUE">String</attrtype><attwidth Sync="TRUE">50</attwidth><atprecis Sync="TRUE">0</atprecis><attscale Sync="TRUE">0</attscale></attr><attr><attrlabl Sync="TRUE">admin2Name</attrlabl><attalias Sync="TRUE">admin2Name</attalias><attrtype Sync="TRUE">String</attrtype><attwidth Sync="TRUE">50</attwidth><atprecis Sync="TRUE">0</atprecis><attscale Sync="TRUE">0</attscale></attr><attr><attrlabl Sync="TRUE">admin2Pcod</attrlabl><attalias Sync="TRUE">admin2Pcod</attalias><attrtype Sync="TRUE">String</attrtype><attwidth Sync="TRUE">50</attwidth><atprecis Sync="TRUE">0</atprecis><attscale Sync="TRUE">0</attscale></attr><attr><attrlabl Sync="TRUE">admin3Name</attrlabl><attalias Sync="TRUE">admin3Name</attalias><attrtype Sync="TRUE">String</attrtype><attwidth Sync="TRUE">50</attwidth><atprecis Sync="TRUE">0</atprecis><attscale Sync="TRUE">0</attscale></attr><attr><attrlabl Sync="TRUE">admin3Pcod</attrlabl><attalias Sync="TRUE">admin3Pcod</attalias><attrtype Sync="TRUE">String</attrtype><attwidth Sync="TRUE">50</attwidth><atprecis Sync="TRUE">0</atprecis><attscale Sync="TRUE">0</attscale></attr><attr><attrlabl Sync="TRUE">admin3RefN</attrlabl><attalias Sync="TRUE">admin3RefN</attalias><attrtype Sync="TRUE">String</attrtype><attwidth Sync="TRUE">50</attwidth><atprecis Sync="TRUE">0</atprecis><attscale Sync="TRUE">0</attscale></attr><attr><attrlabl Sync="TRUE">admin3AltN</attrlabl><attalias Sync="TRUE">admin3AltN</attalias><attrtype Sync="TRUE">String</attrtype><attwidth Sync="TRUE">50</attwidth><atprecis Sync="TRUE">0</atprecis><attscale Sync="TRUE">0</attscale></attr><attr><attrlabl Sync="TRUE">admin3Al_1</attrlabl><attalias Sync="TRUE">admin3Al_1</attalias><attrtype Sync="TRUE">String</attrtype><attwidth Sync="TRUE">50</attwidth><atprecis Sync="TRUE">0</atprecis><attscale Sync="TRUE">0</attscale></attr><attr><attrlabl Sync="TRUE">date</attrlabl><attalias Sync="TRUE">date</attalias><attrtype Sync="TRUE">Date</attrtype><attwidth Sync="TRUE">8</attwidth><atprecis Sync="TRUE">0</atprecis><attscale Sync="TRUE">0</attscale></attr><attr><attrlabl Sync="TRUE">validOn</attrlabl><attalias Sync="TRUE">validOn</attalias><attrtype Sync="TRUE">Date</attrtype><attwidth Sync="TRUE">8</attwidth><atprecis Sync="TRUE">0</atprecis><attscale Sync="TRUE">0</attscale></attr><attr><attrlabl Sync="TRUE">validTo</attrlabl><attalias Sync="TRUE">validTo</attalias><attrtype Sync="TRUE">Date</attrtype><attwidth Sync="TRUE">8</attwidth><atprecis Sync="TRUE">0</atprecis><attscale Sync="TRUE">0</attscale></attr><attr><attrlabl Sync="TRUE">Shape_STAr</attrlabl><attalias Sync="TRUE">Shape_STAr</attalias><attrtype Sync="TRUE">Double</attrtype><attwidth Sync="TRUE">19</attwidth><atprecis Sync="TRUE">0</atprecis><attscale Sync="TRUE">0</attscale></attr><attr><attrlabl Sync="TRUE">Shape_STLe</attrlabl><attalias Sync="TRUE">Shape_STLe</attalias><attrtype Sync="TRUE">Double</attrtype><attwidth Sync="TRUE">19</attwidth><atprecis Sync="TRUE">0</atprecis><attscale Sync="TRUE">0</attscale></attr><attr><attrlabl Sync="TRUE">Shape_Leng</attrlabl><attalias Sync="TRUE">Shape_Leng</attalias><attrtype Sync="TRUE">Double</attrtype><attwidth Sync="TRUE">19</attwidth><atprecis Sync="TRUE">0</atprecis><attscale Sync="TRUE">0</attscale></attr><attr><attrlabl Sync="TRUE">Shape_Area</attrlabl><attalias Sync="TRUE">Shape_Area</attalias><attrtype Sync="TRUE">Double</attrtype><attwidth Sync="TRUE">19</attwidth><atprecis Sync="TRUE">0</atprecis><attscale Sync="TRUE">0</attscale><attrdef Sync="TRUE">Area of feature in internal units squared.</attrdef><attrdefs Sync="TRUE">Esri</attrdefs><attrdomv><udom Sync="TRUE">Positive real numbers that are automatically generated.</udom></attrdomv></attr></detailed></eainfo><mdDateSt Sync="TRUE">20150429</mdDateSt></metadata>
